First Name,Last Name,Gender,Country,Age,Date,Id
Dulce,Abril,Female,United States,32,15/10/2017,1562
Mara,Hashimoto,Female,Great Britain,25,16/08/2016,1582
Philip,Gent,Male,France,36,21/05/2015,2587
Kathleen,Hanner,Female,United States,25,15/10/2017,3549
Nereida,Magwood,Female,United States,58,16/08/2016,2468
Gaston,Brumm,Male,United States,24,21/05/2015,2554
Etta,Hurn,Female,Great Britain,56,15/10/2017,3598
Earlean,Melgar,Female,United States,27,16/08/2016,2456
Vincenza,Weiland,Female,United States,40,21/05/2015,6548
Fallon,Winward,Female,Great Britain,28,16/08/2016,5486
Arcelia,Bouska,Female,Great Britain,39,21/05/2015,1258
Franklyn,Unknow,Male,France,38,15/10/2017,2579
Sherron,Ascencio,Female,Great Britain,32,16/08/2016,3256
Marcel,Zabriskie,Male,Great Britain,26,21/05/2015,2587
Kina,Hazelton,Female,Great Britain,31,16/08/2016,3259
,,,,,,
,,,,,,
,,,,,,
,,,,,,
Jeromy,Danz,Male,United States,39,15/10/2017,3265
Rasheeda,Alkire,Female,United States,29,16/08/2016,6125
Dulce,Abril,Female,United States,32,15/10/2017,1562
Mara,Hashimoto,Female,Great Britain,25,16/08/2016,1582
Philip,Gent,Male,France,36,21/05/2015,2587
Kathleen,Hanner,Female,United States,25,15/10/2017,3549
Nereida,Magwood,Female,United States,58,16/08/2016,2468
Gaston,Brumm,Male,United States,24,21/05/2015,2554
Etta,Hurn,Female,Great Britain,56,15/10/2017,3598
Earlean,Melgar,Female,United States,27,16/08/2016,2456
Vincenza,Weiland,Female,United States,40,21/05/2015,6548
Fallon,Winward,Female,Great Britain,28,16/08/2016,5486
Arcelia,Bouska,Female,Great Britain,39,21/05/2015,1258
Franklyn,Unknow,Male,France,38,15/10/2017,2579
Sherron,Ascencio,Female,Great Britain,32,16/08/2016,3256
,,,,,,
,,,,,,
,,,,,,
,,,,,,
,,,,,,
Loreta,Curren,Female,France,26,21/05/2015,9654
Teresa,Strawn,Female,France,46,21/05/2015,3569
Belinda,Partain,Female,United States,37,15/10/2017,2564
Holly,Eudy,Female,United States,52,16/08/2016,8561
Many,Cuccia,Female,Great Britain,46,21/05/2015,5489
Libbie,Dalby,Female,France,42,21/05/2015,5489
Lester,Prothro,Male,France,21,15/10/2017,6574
Marvel,Hail,Female,Great Britain,28,16/08/2016,5555
Angelyn,Vong,Female,United States,29,21/05/2015,6125
Francesca,Beaudreau,Female,France,23,15/10/2017,5412
Garth,Gangi,Male,United States,41,16/08/2016,3256
Carla,Trumbull,Female,Great Britain,28,21/05/2015,3264
Veta,Muntz,Female,Great Britain,37,15/10/2017,4569
Stasia,Becker,Female,Great Britain,34,16/08/2016,7521
Jona,Grindle,Female,Great Britain,26,21/05/2015,6458
Judie,Claywell,Female,France,35,16/08/2016,7569
Dewitt,Borger,Male,United States,36,21/05/2015,8514
Nena,Hacker,Female,United States,29,15/10/2017,8563
Kelsie,Wachtel,Female,France,27,16/08/2016,8642
Sau,Pfau,Female,United States,25,21/05/2015,9536
Shanice,Mccrystal,Female,United States,36,21/05/2015,2567
Chase,Karner,Male,United States,37,15/10/2017,2154
Tommie,Underdahl,Male,United States,26,16/08/2016,3265
Dorcas,Darity,Female,United States,37,21/05/2015,8765
Angel,Sanor,Male,France,24,15/10/2017,3259
Willodean,Harn,Female,United States,39,16/08/2016,3567
Weston,Martina,Male,United States,26,21/05/2015,6540
Roma,Lafollette,Female,United States,34,15/10/2017,2654
Felisa,Cail,Female,United States,28,16/08/2016,6525
Demetria,Abbey,Female,United States,32,21/05/2015,3265
Jeromy,Danz,Male,United States,39,15/10/2017,3265
Rasheeda,Alkire,Female,United States,29,16/08/2016,6125
Dulce,Abril,Female,United States,32,15/10/2017,1562
Mara,Hashimoto,Female,Great Britain,25,16/08/2016,1582
Philip,Gent,Male,France,36,21/05/2015,2587
Kathleen,Hanner,Female,United States,25,15/10/2017,3549
Nereida,Magwood,Female,United States,58,16/08/2016,2468
Gaston,Brumm,Male,United States,24,21/05/2015,2554
Etta,Hurn,Female,Great Britain,56,15/10/2017,3598
Earlean,Melgar,Female,United States,27,16/08/2016,2456
Vincenza,Weiland,Female,United States,40,21/05/2015,6548
Fallon,,,,,,
Arcelia,,,,,,
Franklyn,,,,,,
Sherron,,,,,,
Marcel,,,,,,
Kina,,,,,,
Shavonne,,,,,,
Shavon,,,,,,
Lauralee,,,,,,
Loreta,,,,,,
Teresa,,,,,,
Belinda,,,,,,
Holly,,,,,,
Many,,,,,,
Libbie,,,,,,
Lester,,,,,,
Marvel,,,,,,
Angelyn,,,,,,
Francesca,Beaudreau,Female,France,23,15/10/2017,5412
Garth,Gangi,Male,United States,41,16/08/2016,3256
Carla,Trumbull,Female,Great Britain,28,21/05/2015,3264
Veta,Muntz,Female,Great Britain,37,15/10/2017,4569
Stasia,Becker,Female,Great Britain,34,16/08/2016,7521
Jona,Grindle,Female,Great Britain,26,21/05/2015,6458
Judie,Claywell,Female,France,35,16/08/2016,7569
Dewitt,Borger,Male,United States,36,21/05/2015,8514
Nena,Hacker,Female,United States,29,15/10/2017,8563
Kelsie,Wachtel,Female,France,27,16/08/2016,8642
Sau,Pfau,Female,United States,25,21/05/2015,9536
Shanice,Mccrystal,Female,United States,36,21/05/2015,2567
Chase,Karner,Male,United States,37,15/10/2017,2154
Tommie,Underdahl,Male,United States,26,16/08/2016,3265
Dorcas,Darity,Female,United States,37,21/05/2015,8765
Angel,Sanor,Male,France,24,15/10/2017,3259
,,,,,,
,,,,,,
,,,,,,
,,,,,,
,,,,,,
,,,,,,
,,,,,,
,,,,,,
,,,,,,
,,,,,,
,,,,,,
Nereida,Magwood,Female,United States,58,16/08/2016,2468
Gaston,Brumm,Male,United States,24,21/05/2015,2554
Etta,Hurn,Female,Great Britain,56,15/10/2017,3598
Earlean,Melgar,Female,United States,27,16/08/2016,2456
Vincenza,Weiland,Female,United States,40,21/05/2015,6548
Fallon,Winward,Female,Great Britain,28,16/08/2016,5486
Arcelia,Bouska,Female,Great Britain,39,21/05/2015,1258
Franklyn,Unknow,Male,France,38,15/10/2017,2579
Sherron,Ascencio,Female,Great Britain,32,16/08/2016,3256
Marcel,Zabriskie,Male,Great Britain,26,21/05/2015,2587
Kina,Hazelton,Female,Great Britain,31,16/08/2016,3259
Shavonne,Pia,Female,France,24,21/05/2015,1546
Shavon,Benito,Female,France,39,15/10/2017,3579
Lauralee,Perrine,Female,Great Britain,28,16/08/2016,6597
Loreta,Curren,Female,France,26,21/05/2015,9654
Teresa,Strawn,Female,France,46,21/05/2015,3569
Belinda,Partain,Female,United States,37,15/10/2017,2564
Holly,Eudy,Female,United States,52,16/08/2016,8561
Many,Cuccia,Female,Great Britain,46,21/05/2015,5489
Libbie,Dalby,Female,France,42,21/05/2015,5489
Lester,Prothro,Male,France,21,15/10/2017,6574
Marvel,Hail,Female,Great Britain,28,16/08/2016,5555
Angelyn,Vong,Female,United States,29,21/05/2015,6125
Francesca,Beaudreau,Female,France,23,15/10/2017,5412
Garth,Gangi,Male,United States,41,16/08/2016,3256
Carla,Trumbull,Female,Great Britain,28,21/05/2015,3264
Veta,Muntz,Female,Great Britain,37,15/10/2017,4569
Stasia,Becker,Female,Great Britain,34,16/08/2016,7521
Jona,Grindle,Female,Great Britain,26,21/05/2015,6458
Judie,Claywell,Female,France,35,16/08/2016,7569
Dewitt,Borger,Male,United States,36,21/05/2015,8514
Nena,Hacker,Female,United States,29,15/10/2017,8563
Kelsie,Wachtel,Female,France,27,16/08/2016,8642
Sau,Pfau,Female,United States,25,21/05/2015,9536
Shanice,Mccrystal,Female,United States,36,21/05/2015,2567
Chase,Karner,Male,United States,37,15/10/2017,2154
Tommie,Underdahl,Male,United States,26,16/08/2016,3265
Dorcas,Darity,Female,United States,37,21/05/2015,8765
Angel,Sanor,Male,France,24,15/10/2017,3259
Willodean,Harn,Female,United States,39,16/08/2016,3567
Weston,Martina,Male,United States,26,21/05/2015,6540
Roma,Lafollette,Female,United States,34,15/10/2017,2654
Felisa,Cail,Female,United States,28,16/08/2016,6525
Demetria,Abbey,Female,United States,32,21/05/2015,3265
Jeromy,Danz,Male,United States,39,15/10/2017,3265
Rasheeda,Alkire,Female,United States,29,16/08/2016,6125
Dulce,Abril,Female,United States,32,15/10/2017,1562
Mara,Hashimoto,Female,Great Britain,25,16/08/2016,1582
Philip,Gent,Male,France,36,21/05/2015,2587
Kathleen,Hanner,Female,United States,25,15/10/2017,3549
Nereida,Magwood,Female,United States,58,16/08/2016,2468
Gaston,Brumm,Male,United States,24,21/05/2015,2554
Etta,Hurn,Female,Great Britain,56,15/10/2017,3598
Earlean,Melgar,Female,United States,27,16/08/2016,2456
Vincenza,Weiland,Female,United States,40,21/05/2015,6548
Fallon,Winward,Female,Great Britain,28,16/08/2016,5486
Arcelia,Bouska,Female,Great Britain,39,21/05/2015,1258
Franklyn,Unknow,Male,France,38,15/10/2017,2579
Sherron,Ascencio,Female,Great Britain,32,16/08/2016,3256
Marcel,Zabriskie,Male,Great Britain,26,21/05/2015,2587
Kina,Hazelton,Female,Great Britain,31,16/08/2016,3259
Shavonne,Pia,Female,France,24,21/05/2015,1546
Shavon,Benito,Female,France,39,15/10/2017,3579
Lauralee,Perrine,Female,Great Britain,28,16/08/2016,6597
Loreta,Curren,Female,France,26,21/05/2015,9654
Teresa,Strawn,Female,France,46,21/05/2015,3569
Belinda,Partain,Female,United States,37,15/10/2017,2564
Holly,Eudy,Female,United States,52,16/08/2016,8561
Many,Cuccia,Female,Great Britain,46,21/05/2015,5489
Libbie,Dalby,Female,France,42,21/05/2015,5489
Lester,Prothro,Male,France,21,15/10/2017,6574
Marvel,Hail,Female,Great Britain,28,16/08/2016,5555
Angelyn,Vong,,,,,
Francesca,Beaudreau,,,,,
Garth,Gangi,,,,,
Carla,Trumbull,,,,,
Veta,Muntz,Female,Great Britain,37,15/10/2017,4569
Stasia,Becker,Female,Great Britain,34,16/08/2016,7521
Jona,Grindle,Female,Great Britain,26,21/05/2015,6458
Judie,Claywell,Female,France,35,16/08/2016,7569
Dewitt,Borger,Male,United States,36,21/05/2015,8514
Nena,Hacker,Female,United States,29,15/10/2017,8563
Kelsie,Wachtel,Female,France,27,16/08/2016,8642
Sau,Pfau,Female,United States,25,21/05/2015,9536
Shanice,Mccrystal,Female,United States,36,21/05/2015,2567
Chase,Karner,Male,United States,37,15/10/2017,2154
Tommie,Underdahl,Male,United States,26,16/08/2016,3265
Dorcas,Darity,Female,United States,37,21/05/2015,8765
Angel,Sanor,Male,France,24,15/10/2017,3259
Willodean,Harn,Female,United States,39,16/08/2016,3567
Weston,Martina,Male,United States,26,21/05/2015,6540
Roma,Lafollette,Female,United States,34,15/10/2017,2654
Felisa,Cail,Female,United States,28,16/08/2016,6525
Demetria,Abbey,Female,United States,32,21/05/2015,3265
Jeromy,Danz,Male,United States,39,15/10/2017,3265
Rasheeda,Alkire,Female,United States,29,16/08/2016,6125
Dulce,Abril,Female,United States,32,15/10/2017,1562
Mara,Hashimoto,Female,Great Britain,25,16/08/2016,1582
Philip,Gent,Male,France,36,21/05/2015,2587
Kathleen,Hanner,Female,United States,25,15/10/2017,3549
Nereida,Magwood,Female,United States,58,16/08/2016,2468
Gaston,Brumm,Male,United States,24,21/05/2015,2554
Etta,Hurn,Female,Great Britain,56,15/10/2017,3598
Earlean,Melgar,Female,United States,27,16/08/2016,2456
Vincenza,Weiland,Female,United States,40,21/05/2015,6548
Fallon,Winward,Female,Great Britain,28,16/08/2016,5486
Arcelia,Bouska,Female,Great Britain,39,21/05/2015,1258
Franklyn,Unknow,Male,France,38,15/10/2017,2579
Sherron,Ascencio,Female,Great Britain,32,16/08/2016,3256
Marcel,Zabriskie,Male,Great Britain,26,21/05/2015,2587
Kina,Hazelton,Female,Great Britain,31,16/08/2016,3259
Shavonne,Pia,Female,France,24,21/05/2015,1546
Shavon,Benito,Female,France,39,15/10/2017,3579
Lauralee,Perrine,Female,Great Britain,28,16/08/2016,6597
Loreta,Curren,Female,France,26,21/05/2015,9654
Teresa,Strawn,Female,France,46,21/05/2015,3569
Belinda,Partain,Female,United States,37,15/10/2017,2564
Holly,Eudy,Female,United States,52,16/08/2016,8561
Many,Cuccia,Female,Great Britain,46,21/05/2015,5489
Libbie,Dalby,Female,France,42,21/05/2015,5489
Lester,Prothro,Male,France,21,15/10/2017,6574
Marvel,Hail,Female,Great Britain,28,16/08/2016,5555
Angelyn,Vong,Female,United States,29,21/05/2015,6125
Francesca,Beaudreau,Female,France,23,15/10/2017,5412
Garth,Gangi,Male,United States,41,16/08/2016,3256
Carla,Trumbull,Female,Great Britain,28,21/05/2015,3264
Veta,Muntz,Female,Great Britain,37,15/10/2017,4569
Stasia,Becker,Female,Great Britain,34,16/08/2016,7521
Jona,Grindle,Female,Great Britain,26,21/05/2015,6458
Judie,Claywell,Female,France,35,16/08/2016,7569
Dewitt,Borger,Male,United States,36,21/05/2015,8514
Nena,Hacker,Female,United States,29,15/10/2017,8563
Kelsie,Wachtel,Female,France,27,16/08/2016,8642
Sau,Pfau,Female,United States,25,21/05/2015,9536
Shanice,Mccrystal,Female,United States,36,21/05/2015,2567
Chase,Karner,Male,United States,37,15/10/2017,2154
Tommie,Underdahl,Male,United States,26,16/08/2016,3265
Dorcas,Darity,Female,United States,37,21/05/2015,8765
Angel,Sanor,Male,France,24,15/10/2017,3259
Willodean,Harn,Female,United States,39,16/08/2016,3567
Weston,Martina,Male,United States,26,21/05/2015,6540
Roma,,,,,15/10/2017,2654
Felisa,,,,,16/08/2016,6525
Demetria,Abbey,Female,United States,32,21/05/2015,3265
Jeromy,Danz,Male,United States,39,15/10/2017,3265
Rasheeda,Alkire,Female,United States,29,16/08/2016,6125
Dulce,Abril,Female,United States,32,15/10/2017,1562
Mara,Hashimoto,Female,Great Britain,25,16/08/2016,1582
Philip,Gent,Male,France,36,21/05/2015,2587
Kathleen,Hanner,Female,United States,25,15/10/2017,3549
Nereida,Magwood,Female,United States,58,16/08/2016,2468
Gaston,Brumm,Male,United States,24,21/05/2015,2554
Etta,Hurn,Female,Great Britain,56,15/10/2017,3598
Earlean,Melgar,Female,United States,27,16/08/2016,2456
Vincenza,Weiland,Female,United States,40,21/05/2015,6548
Fallon,Winward,Female,Great Britain,28,16/08/2016,5486
,,,,,,
,,,,,,
,,,,,,
,,,,,,
,,,,,,
,,,,,,
Shavon,Benito,Female,France,39,15/10/2017,3579
Lauralee,Perrine,Female,Great Britain,28,16/08/2016,6597
Loreta,Curren,Female,France,26,21/05/2015,9654
Teresa,Strawn,Female,France,46,21/05/2015,3569
Belinda,Partain,Female,United States,37,15/10/2017,2564
Holly,Eudy,Female,United States,52,16/08/2016,8561
Many,Cuccia,Female,Great Britain,46,21/05/2015,5489
Libbie,Dalby,Female,France,42,21/05/2015,5489
Lester,Prothro,Male,France,21,15/10/2017,6574
Marvel,Hail,Female,Great Britain,28,16/08/2016,5555
Angelyn,Vong,Female,United States,29,21/05/2015,6125
Francesca,Beaudreau,Female,France,23,15/10/2017,5412
Garth,Gangi,Male,United States,41,16/08/2016,3256
Carla,Trumbull,Female,Great Britain,28,21/05/2015,3264
Veta,Muntz,Female,Great Britain,37,15/10/2017,4569
Stasia,Becker,Female,Great Britain,34,16/08/2016,7521
Jona,Grindle,Female,Great Britain,26,21/05/2015,6458
Judie,Claywell,Female,France,35,16/08/2016,7569
Dewitt,Borger,Male,United States,36,21/05/2015,8514
Nena,Hacker,Female,United States,29,15/10/2017,8563
Kelsie,Wachtel,Female,France,27,16/08/2016,8642
Sau,Pfau,Female,United States,25,21/05/2015,9536
Shanice,Mccrystal,Female,United States,36,21/05/2015,2567
Chase,Karner,Male,United States,37,15/10/2017,2154
Tommie,Underdahl,Male,United States,26,16/08/2016,3265
Dorcas,Darity,Female,United States,37,21/05/2015,8765
Angel,Sanor,Male,France,24,15/10/2017,3259
Willodean,Harn,Female,United States,39,16/08/2016,3567
Weston,Martina,Male,United States,26,21/05/2015,6540
Roma,Lafollette,Female,United States,34,15/10/2017,2654
Felisa,Cail,Female,United States,28,16/08/2016,6525
Demetria,Abbey,Female,United States,32,21/05/2015,3265
Jeromy,Danz,Male,United States,39,15/10/2017,3265
Rasheeda,Alkire,Female,United States,29,16/08/2016,6125
Dulce,Abril,Female,United States,32,15/10/2017,1562
Mara,Hashimoto,Female,Great Britain,25,16/08/2016,1582
Philip,Gent,Male,France,36,21/05/2015,2587
Kathleen,Hanner,Female,United States,25,15/10/2017,3549
Nereida,Magwood,Female,United States,58,16/08/2016,2468
Gaston,Brumm,Male,United States,24,21/05/2015,2554
Etta,Hurn,Female,Great Britain,56,15/10/2017,3598
Earlean,Melgar,Female,United States,27,16/08/2016,2456
Vincenza,Weiland,Female,United States,40,21/05/2015,6548
Fallon,Winward,Female,Great Britain,28,16/08/2016,5486
Arcelia,Bouska,Female,Great Britain,39,21/05/2015,1258
Franklyn,Unknow,Male,France,38,15/10/2017,2579
Sherron,Ascencio,Female,Great Britain,32,16/08/2016,3256
Marcel,Zabriskie,Male,Great Britain,26,21/05/2015,2587
Kina,Hazelton,Female,Great Britain,31,16/08/2016,3259
Shavonne,Pia,Female,France,24,21/05/2015,1546
Shavon,Benito,Female,France,39,15/10/2017,3579
Lauralee,Perrine,Female,Great Britain,28,16/08/2016,6597
Loreta,Curren,Female,France,26,21/05/2015,9654
Teresa,Strawn,Female,France,46,21/05/2015,3569
Belinda,Partain,Female,United States,37,15/10/2017,2564
Holly,Eudy,Female,United States,52,16/08/2016,8561
Many,Cuccia,Female,Great Britain,46,21/05/2015,5489
Libbie,Dalby,Female,France,42,21/05/2015,5489
Lester,Prothro,Male,France,21,15/10/2017,6574
Marvel,Hail,Female,Great Britain,28,16/08/2016,5555
Angelyn,Vong,Female,United States,29,21/05/2015,6125
Francesca,Beaudreau,Female,France,23,15/10/2017,5412
Garth,Gangi,Male,United States,41,16/08/2016,3256
Carla,Trumbull,Female,Great Britain,28,21/05/2015,3264
Veta,Muntz,Female,Great Britain,37,15/10/2017,4569
Stasia,Becker,Female,Great Britain,34,16/08/2016,7521
Jona,Grindle,Female,Great Britain,26,21/05/2015,6458
Judie,Claywell,Female,France,35,16/08/2016,7569
Dewitt,Borger,Male,United States,36,21/05/2015,8514
Nena,Hacker,Female,United States,29,15/10/2017,8563
Kelsie,Wachtel,Female,France,27,16/08/2016,8642
Sau,Pfau,Female,United States,25,21/05/2015,9536
Shanice,Mccrystal,Female,United States,36,21/05/2015,2567
Chase,Karner,Male,United States,37,15/10/2017,2154
Tommie,Underdahl,Male,United States,26,16/08/2016,3265
Dorcas,Darity,Female,United States,37,21/05/2015,8765
Angel,Sanor,Male,France,24,15/10/2017,3259
Willodean,Harn,Female,United States,39,16/08/2016,3567
Weston,Martina,Male,United States,26,21/05/2015,6540
Roma,Lafollette,Female,United States,34,15/10/2017,2654
Felisa,Cail,Female,United States,28,16/08/2016,6525
Demetria,Abbey,Female,United States,32,21/05/2015,3265
Jeromy,Danz,Male,United States,39,15/10/2017,3265
Rasheeda,Alkire,Female,United States,29,16/08/2016,6125
Dulce,Abril,Female,United States,32,15/10/2017,1562
Mara,Hashimoto,Female,Great Britain,25,16/08/2016,1582
Philip,Gent,Male,France,36,21/05/2015,2587
Kathleen,Hanner,Female,United States,25,15/10/2017,3549
Nereida,Magwood,Female,United States,58,16/08/2016,2468
Gaston,Brumm,Male,United States,24,21/05/2015,2554
Etta,Hurn,Female,Great Britain,56,15/10/2017,3598
Earlean,Melgar,Female,United States,27,16/08/2016,2456
Vincenza,Weiland,Female,United States,40,21/05/2015,6548
Fallon,Winward,Female,Great Britain,28,16/08/2016,5486
Arcelia,Bouska,Female,Great Britain,39,21/05/2015,1258
Franklyn,Unknow,Male,France,38,15/10/2017,2579
Sherron,Ascencio,Female,Great Britain,32,16/08/2016,3256
Marcel,Zabriskie,Male,Great Britain,26,21/05/2015,2587
Kina,Hazelton,Female,Great Britain,31,16/08/2016,3259
Shavonne,Pia,Female,France,24,21/05/2015,1546
Shavon,Benito,Female,France,39,15/10/2017,3579
Lauralee,Perrine,Female,Great Britain,28,16/08/2016,6597
Loreta,Curren,Female,France,26,21/05/2015,9654
Teresa,Strawn,Female,France,46,21/05/2015,3569
Belinda,Partain,Female,United States,37,15/10/2017,2564
Holly,Eudy,Female,United States,52,16/08/2016,8561
Many,Cuccia,Female,Great Britain,46,21/05/2015,5489
Libbie,Dalby,Female,France,42,21/05/2015,5489
Lester,Prothro,Male,France,21,15/10/2017,6574
Marvel,Hail,Female,Great Britain,28,16/08/2016,5555
Angelyn,Vong,Female,United States,29,21/05/2015,6125
Francesca,Beaudreau,Female,France,23,15/10/2017,5412
Garth,Gangi,Male,United States,41,16/08/2016,3256
Carla,Trumbull,Female,Great Britain,28,21/05/2015,3264
Veta,Muntz,Female,Great Britain,37,15/10/2017,4569
Stasia,Becker,Female,Great Britain,34,16/08/2016,7521
Jona,Grindle,Female,Great Britain,26,21/05/2015,6458
Judie,Claywell,Female,France,35,16/08/2016,7569
Dewitt,Borger,Male,United States,36,21/05/2015,8514
Nena,Hacker,Female,United States,29,15/10/2017,8563
Kelsie,Wachtel,Female,France,27,16/08/2016,8642
Sau,Pfau,Female,United States,25,21/05/2015,9536
Shanice,Mccrystal,Female,United States,36,21/05/2015,2567
Chase,Karner,Male,United States,37,15/10/2017,2154
Tommie,Underdahl,Male,United States,26,16/08/2016,3265
Dorcas,Darity,Female,United States,37,21/05/2015,8765
Angel,Sanor,Male,France,24,15/10/2017,3259
Willodean,Harn,Female,United States,39,16/08/2016,3567
,,,,,,
,,,,,,
,,,,,,
,,,,,,
,,,,,,
,,,,,,
,,,,,,
,,,,,,
,,,,,,
,,,,,,
,,,,,,
,,,,,,
Etta,Hurn,Female,Great Britain,56,15/10/2017,3598
Earlean,Melgar,Female,United States,27,16/08/2016,2456
Vincenza,Weiland,Female,United States,40,21/05/2015,6548
Fallon,Winward,Female,Great Britain,28,16/08/2016,5486
Arcelia,Bouska,Female,Great Britain,39,21/05/2015,1258
Franklyn,Unknow,Male,France,38,15/10/2017,2579
Sherron,Ascencio,Female,Great Britain,32,16/08/2016,3256
Marcel,Zabriskie,Male,Great Britain,26,21/05/2015,2587
Kina,Hazelton,Female,Great Britain,31,16/08/2016,3259
Shavonne,Pia,Female,France,24,21/05/2015,1546
Shavon,Benito,Female,France,39,15/10/2017,3579
Lauralee,Perrine,Female,Great Britain,28,16/08/2016,6597
Loreta,Curren,Female,France,26,21/05/2015,9654
Teresa,Strawn,Female,France,46,21/05/2015,3569
Belinda,Partain,Female,United States,37,15/10/2017,2564
Holly,Eudy,Female,United States,52,16/08/2016,8561
Many,Cuccia,Female,Great Britain,46,21/05/2015,5489
Libbie,Dalby,Female,France,42,21/05/2015,5489
Lester,Prothro,Male,France,21,15/10/2017,6574
Marvel,Hail,Female,Great Britain,28,16/08/2016,5555
Angelyn,Vong,Female,United States,29,21/05/2015,6125
Francesca,Beaudreau,Female,France,23,15/10/2017,5412
Garth,Gangi,Male,United States,41,16/08/2016,3256
Carla,Trumbull,Female,Great Britain,28,21/05/2015,3264
Veta,Muntz,Female,Great Britain,37,15/10/2017,4569
Stasia,Becker,Female,Great Britain,34,16/08/2016,7521
Jona,Grindle,Female,Great Britain,26,21/05/2015,6458
Judie,Claywell,Female,France,35,16/08/2016,7569
Dewitt,Borger,Male,United States,36,21/05/2015,8514
Nena,Hacker,Female,United States,29,15/10/2017,8563
Kelsie,Wachtel,Female,France,27,16/08/2016,8642
Sau,Pfau,Female,United States,25,21/05/2015,9536
Shanice,Mccrystal,Female,United States,36,21/05/2015,2567
Chase,Karner,Male,United States,37,15/10/2017,2154
Tommie,Underdahl,Male,United States,26,16/08/2016,3265
Dorcas,Darity,Female,United States,37,21/05/2015,8765
Angel,Sanor,Male,France,24,15/10/2017,3259
Willodean,Harn,Female,United States,39,16/08/2016,3567
Weston,Martina,Male,United States,26,21/05/2015,6540
Roma,Lafollette,Female,United States,34,15/10/2017,2654
Felisa,Cail,Female,United States,28,16/08/2016,6525
Demetria,Abbey,Female,United States,32,21/05/2015,3265
Jeromy,Danz,Male,United States,39,15/10/2017,3265
Rasheeda,Alkire,Female,United States,29,16/08/2016,6125
Dulce,Abril,Female,United States,32,15/10/2017,1562
Mara,Hashimoto,Female,Great Britain,25,16/08/2016,1582
Philip,Gent,Male,France,36,21/05/2015,2587
Kathleen,Hanner,Female,United States,25,15/10/2017,3549
Nereida,Magwood,Female,United States,58,16/08/2016,2468
Gaston,Brumm,Male,United States,24,21/05/2015,2554
Etta,Hurn,Female,Great Britain,56,15/10/2017,3598
Earlean,Melgar,Female,United States,27,16/08/2016,2456
Vincenza,Weiland,Female,United States,40,21/05/2015,6548
Fallon,Winward,Female,Great Britain,28,16/08/2016,5486
Arcelia,Bouska,Female,Great Britain,39,21/05/2015,1258
Franklyn,Unknow,Male,France,38,15/10/2017,2579
Sherron,Ascencio,Female,Great Britain,32,16/08/2016,3256
Marcel,Zabriskie,Male,Great Britain,26,21/05/2015,2587
Kina,Hazelton,Female,Great Britain,31,16/08/2016,3259
Shavonne,Pia,Female,France,24,21/05/2015,1546
Shavon,Benito,Female,France,39,15/10/2017,3579
Lauralee,Perrine,Female,Great Britain,28,16/08/2016,6597
Loreta,Curren,Female,France,26,21/05/2015,9654
Teresa,Strawn,Female,France,46,21/05/2015,3569
Belinda,Partain,Female,United States,37,15/10/2017,2564
Holly,Eudy,Female,United States,52,16/08/2016,8561
Many,Cuccia,Female,Great Britain,46,21/05/2015,5489
Libbie,Dalby,Female,France,42,21/05/2015,5489
Lester,Prothro,Male,France,21,15/10/2017,6574
Marvel,Hail,Female,Great Britain,28,16/08/2016,5555
Angelyn,Vong,Female,United States,29,21/05/2015,6125
Francesca,Beaudreau,Female,France,23,15/10/2017,5412
Garth,Gangi,Male,United States,41,16/08/2016,3256
Carla,Trumbull,Female,Great Britain,28,21/05/2015,3264
Veta,Muntz,Female,Great Britain,37,15/10/2017,4569
Stasia,Becker,Female,Great Britain,34,16/08/2016,7521
Jona,Grindle,Female,Great Britain,26,21/05/2015,6458
Judie,Claywell,Female,France,35,16/08/2016,7569
Dewitt,Borger,Male,United States,36,21/05/2015,8514
Nena,Hacker,Female,United States,29,15/10/2017,8563
Kelsie,Wachtel,Female,France,27,16/08/2016,8642
Sau,Pfau,Female,United States,25,21/05/2015,9536
Shanice,Mccrystal,Female,United States,36,21/05/2015,2567
Chase,Karner,Male,United States,37,15/10/2017,2154
Tommie,Underdahl,Male,United States,26,16/08/2016,3265
Dorcas,Darity,Female,United States,37,21/05/2015,8765
Angel,Sanor,Male,France,24,15/10/2017,3259
Willodean,Harn,Female,United States,39,16/08/2016,3567
Weston,Martina,Male,United States,26,21/05/2015,6540
Roma,Lafollette,Female,United States,34,15/10/2017,2654
Felisa,Cail,Female,United States,28,16/08/2016,6525
Demetria,Abbey,Female,United States,32,21/05/2015,3265
Jeromy,Danz,Male,United States,39,15/10/2017,3265
Rasheeda,Alkire,Female,United States,29,16/08/2016,6125
Dulce,Abril,Female,United States,32,15/10/2017,1562
Mara,Hashimoto,Female,Great Britain,25,16/08/2016,1582
Philip,Gent,Male,France,36,21/05/2015,2587
Kathleen,Hanner,Female,United States,25,15/10/2017,3549
Nereida,Magwood,Female,United States,58,16/08/2016,2468
Gaston,Brumm,Male,United States,24,21/05/2015,2554
Etta,Hurn,Female,Great Britain,56,15/10/2017,3598
Earlean,Melgar,Female,United States,27,16/08/2016,2456
Vincenza,Weiland,Female,United States,40,21/05/2015,6548
Fallon,Winward,Female,Great Britain,28,16/08/2016,5486
Arcelia,Bouska,Female,Great Britain,39,21/05/2015,1258
Franklyn,Unknow,Male,France,38,15/10/2017,2579
Sherron,Ascencio,Female,Great Britain,32,16/08/2016,3256
Marcel,Zabriskie,Male,Great Britain,26,21/05/2015,2587
Kina,Hazelton,Female,Great Britain,31,16/08/2016,3259
Shavonne,Pia,Female,France,24,21/05/2015,1546
Shavon,Benito,Female,France,39,15/10/2017,3579
Lauralee,Perrine,Female,Great Britain,28,16/08/2016,6597
Loreta,Curren,Female,France,26,21/05/2015,9654
Teresa,Strawn,Female,France,46,21/05/2015,3569
Belinda,Partain,Female,United States,37,15/10/2017,2564
Holly,Eudy,Female,United States,52,16/08/2016,8561
Many,Cuccia,Female,Great Britain,46,21/05/2015,5489
Libbie,Dalby,Female,France,42,21/05/2015,5489
Lester,Prothro,Male,France,21,15/10/2017,6574
Marvel,Hail,Female,Great Britain,28,16/08/2016,5555
Angelyn,Vong,Female,United States,29,21/05/2015,6125
Francesca,Beaudreau,Female,France,23,15/10/2017,5412
Garth,Gangi,Male,United States,41,16/08/2016,3256
Carla,Trumbull,Female,Great Britain,28,21/05/2015,3264
Veta,Muntz,Female,Great Britain,37,15/10/2017,4569
Stasia,Becker,Female,Great Britain,34,16/08/2016,7521
Jona,Grindle,Female,Great Britain,26,21/05/2015,6458
Judie,Claywell,Female,France,35,16/08/2016,7569
Dewitt,Borger,Male,United States,36,21/05/2015,8514
Nena,Hacker,Female,United States,29,15/10/2017,8563
Kelsie,Wachtel,Female,France,27,16/08/2016,8642
Sau,Pfau,Female,United States,25,21/05/2015,9536
Shanice,Mccrystal,Female,United States,36,21/05/2015,2567
Chase,Karner,Male,United States,37,15/10/2017,2154
Tommie,Underdahl,Male,United States,26,16/08/2016,3265
Dorcas,Darity,Female,United States,37,21/05/2015,8765
Angel,Sanor,Male,France,24,15/10/2017,3259
Willodean,Harn,Female,United States,39,16/08/2016,3567
Weston,Martina,Male,United States,26,21/05/2015,6540
Roma,Lafollette,Female,United States,34,15/10/2017,2654
Felisa,Cail,Female,United States,28,16/08/2016,6525
Demetria,Abbey,Female,United States,32,21/05/2015,3265
Jeromy,Danz,Male,United States,39,15/10/2017,3265
Rasheeda,Alkire,Female,United States,29,16/08/2016,6125
Dulce,Abril,Female,United States,32,15/10/2017,1562
Mara,Hashimoto,Female,Great Britain,25,16/08/2016,1582
Philip,Gent,Male,France,36,21/05/2015,2587
Kathleen,Hanner,Female,United States,25,15/10/2017,3549
Nereida,Magwood,Female,United States,58,16/08/2016,2468
Gaston,Brumm,Male,United States,24,21/05/2015,2554
Etta,Hurn,Female,Great Britain,56,15/10/2017,3598
Earlean,Melgar,Female,United States,27,16/08/2016,2456
Vincenza,Weiland,Female,United States,40,21/05/2015,6548
Fallon,Winward,Female,Great Britain,28,16/08/2016,5486
Arcelia,Bouska,Female,Great Britain,39,21/05/2015,1258
Franklyn,Unknow,Male,France,38,15/10/2017,2579
Sherron,Ascencio,Female,Great Britain,32,16/08/2016,3256
Marcel,Zabriskie,Male,Great Britain,26,21/05/2015,2587
Kina,Hazelton,Female,Great Britain,31,16/08/2016,3259
Shavonne,Pia,Female,France,24,21/05/2015,1546
Shavon,Benito,Female,France,39,15/10/2017,3579
Lauralee,Perrine,Female,Great Britain,28,16/08/2016,6597
Loreta,Curren,Female,France,26,21/05/2015,9654
Teresa,Strawn,Female,France,46,21/05/2015,3569
Belinda,Partain,Female,United States,37,15/10/2017,2564
Holly,Eudy,Female,United States,52,16/08/2016,8561
Many,Cuccia,Female,Great Britain,46,21/05/2015,5489
Libbie,Dalby,Female,France,42,21/05/2015,5489
Lester,Prothro,Male,France,21,15/10/2017,6574
Marvel,Hail,Female,Great Britain,28,16/08/2016,5555
Angelyn,Vong,Female,United States,29,21/05/2015,6125
Francesca,Beaudreau,Female,France,23,15/10/2017,5412
Garth,Gangi,Male,United States,41,16/08/2016,3256
Carla,Trumbull,Female,Great Britain,28,21/05/2015,3264
Veta,Muntz,Female,Great Britain,37,15/10/2017,4569
Stasia,Becker,Female,Great Britain,34,16/08/2016,7521
Jona,Grindle,Female,Great Britain,26,21/05/2015,6458
Judie,Claywell,Female,France,35,16/08/2016,7569
Dewitt,Borger,Male,United States,36,21/05/2015,8514
Nena,Hacker,Female,United States,29,15/10/2017,8563
Kelsie,Wachtel,Female,France,27,16/08/2016,8642
Sau,Pfau,Female,United States,25,21/05/2015,9536
Shanice,Mccrystal,Female,United States,36,21/05/2015,2567
,,,,,,
,,,,,,
,,,,,,
,,,,,,
,,,,,,
,,,,,,
,,,,,,
,,,,,,
,,,,,,
,,,,,,
Rasheeda,Alkire,Female,United States,29,16/08/2016,6125
Dulce,Abril,Female,United States,32,15/10/2017,1562
Mara,Hashimoto,Female,Great Britain,25,16/08/2016,1582
Philip,Gent,Male,France,36,21/05/2015,2587
Kathleen,Hanner,Female,United States,25,15/10/2017,3549
Nereida,Magwood,Female,United States,58,16/08/2016,2468
Gaston,Brumm,Male,United States,24,21/05/2015,2554
Etta,Hurn,Female,Great Britain,56,15/10/2017,3598
Earlean,Melgar,Female,United States,27,16/08/2016,2456
Vincenza,Weiland,Female,United States,40,21/05/2015,6548
Fallon,Winward,Female,Great Britain,28,16/08/2016,5486
Arcelia,Bouska,Female,Great Britain,39,21/05/2015,1258
Franklyn,Unknow,Male,France,38,15/10/2017,2579
Sherron,Ascencio,Female,Great Britain,32,16/08/2016,3256
Marcel,Zabriskie,Male,Great Britain,26,21/05/2015,2587
Kina,Hazelton,Female,Great Britain,31,16/08/2016,3259
Shavonne,Pia,Female,France,24,21/05/2015,1546
Shavon,Benito,Female,France,39,15/10/2017,3579
Lauralee,Perrine,Female,Great Britain,28,16/08/2016,6597
Loreta,Curren,Female,France,26,21/05/2015,9654
Teresa,Strawn,Female,France,46,21/05/2015,3569
Belinda,Partain,Female,United States,37,15/10/2017,2564
Holly,Eudy,Female,United States,52,16/08/2016,8561
Many,Cuccia,Female,Great Britain,46,21/05/2015,5489
Libbie,Dalby,Female,France,42,21/05/2015,5489
Lester,Prothro,Male,France,21,15/10/2017,6574
Marvel,Hail,Female,Great Britain,28,16/08/2016,5555
Angelyn,Vong,Female,United States,29,21/05/2015,6125
Francesca,Beaudreau,Female,France,23,15/10/2017,5412
Garth,Gangi,Male,United States,41,16/08/2016,3256
Carla,Trumbull,Female,Great Britain,28,21/05/2015,3264
Veta,Muntz,Female,Great Britain,37,15/10/2017,4569
Stasia,Becker,Female,Great Britain,34,16/08/2016,7521
Jona,Grindle,Female,Great Britain,26,21/05/2015,6458
,,,,,,
,,,,,,
,,,,,,
Kelsie,Wachtel,Female,France,27,16/08/2016,8642
Sau,Pfau,Female,United States,25,21/05/2015,9536
Shanice,Mccrystal,Female,United States,36,21/05/2015,2567
Chase,Karner,Male,United States,37,15/10/2017,2154
Tommie,Underdahl,Male,United States,26,16/08/2016,3265
Dorcas,Darity,Female,United States,37,21/05/2015,8765
Angel,Sanor,Male,France,24,15/10/2017,3259
Willodean,Harn,Female,United States,39,16/08/2016,3567
Weston,Martina,Male,United States,26,21/05/2015,6540
Roma,Lafollette,Female,United States,34,15/10/2017,2654
Felisa,Cail,Female,United States,28,16/08/2016,6525
Demetria,Abbey,Female,United States,32,21/05/2015,3265
Jeromy,Danz,Male,United States,39,15/10/2017,3265
Rasheeda,Alkire,Female,United States,29,16/08/2016,6125
Dulce,Abril,Female,United States,32,15/10/2017,1562
Mara,Hashimoto,Female,Great Britain,25,16/08/2016,1582
Philip,Gent,Male,France,36,21/05/2015,2587
Kathleen,Hanner,Female,United States,25,15/10/2017,3549
Nereida,Magwood,Female,United States,58,16/08/2016,2468
Gaston,Brumm,Male,United States,24,21/05/2015,2554
Etta,Hurn,Female,Great Britain,56,15/10/2017,3598
Earlean,Melgar,Female,United States,27,16/08/2016,2456
Vincenza,Weiland,,,,,
Fallon,Winward,,,,,
Arcelia,Bouska,Female,Great Britain,39,21/05/2015,1258
Franklyn,Unknow,Male,France,38,15/10/2017,2579
Sherron,Ascencio,Female,Great Britain,32,16/08/2016,3256
Marcel,Zabriskie,Male,Great Britain,26,21/05/2015,2587
Kina,Hazelton,Female,Great Britain,31,16/08/2016,3259
Shavonne,Pia,Female,France,24,21/05/2015,1546
Shavon,Benito,Female,France,39,15/10/2017,3579
Lauralee,Perrine,Female,Great Britain,28,16/08/2016,6597
Loreta,Curren,Female,France,26,21/05/2015,9654
Teresa,Strawn,Female,France,46,21/05/2015,3569
Belinda,Partain,Female,United States,37,15/10/2017,2564
Holly,Eudy,Female,United States,52,16/08/2016,8561
Many,Cuccia,Female,Great Britain,46,21/05/2015,5489
Libbie,Dalby,Female,France,42,21/05/2015,5489
Lester,Prothro,Male,France,21,15/10/2017,6574
Marvel,Hail,Female,Great Britain,28,16/08/2016,5555
Angelyn,Vong,Female,United States,29,21/05/2015,6125
,,,,,,
,,,,,,
,,,,,,
Veta,Muntz,Female,Great Britain,37,15/10/2017,4569
Stasia,Becker,Female,Great Britain,34,16/08/2016,7521
Jona,Grindle,Female,Great Britain,26,21/05/2015,6458
Judie,Claywell,Female,France,35,16/08/2016,7569
Dewitt,Borger,Male,United States,36,21/05/2015,8514
,,,,,,
,,,,,,
,,,,,,
,,,,,,
,,,,,,
,,,,,,
,,,,,,
,,,,,,
Willodean,Harn,Female,United States,39,16/08/2016,3567
Weston,Martina,Male,United States,26,21/05/2015,6540
Roma,Lafollette,Female,United States,34,15/10/2017,2654
Felisa,Cail,Female,United States,28,16/08/2016,6525
Demetria,Abbey,Female,United States,32,21/05/2015,3265
Jeromy,Danz,Male,United States,39,15/10/2017,3265
Rasheeda,Alkire,Female,United States,29,16/08/2016,6125
Dulce,Abril,Female,United States,32,15/10/2017,1562
Mara,Hashimoto,Female,Great Britain,25,16/08/2016,1582
Philip,Gent,Male,France,36,21/05/2015,2587
Kathleen,Hanner,Female,United States,25,15/10/2017,3549
Nereida,Magwood,Female,United States,58,16/08/2016,2468
Gaston,Brumm,Male,United States,24,21/05/2015,2554
Etta,Hurn,Female,Great Britain,56,15/10/2017,3598
Earlean,Melgar,Female,United States,27,16/08/2016,2456
Vincenza,Weiland,Female,United States,40,21/05/2015,6548
Fallon,Winward,Female,Great Britain,28,16/08/2016,5486
Arcelia,Bouska,Female,Great Britain,39,21/05/2015,1258
Franklyn,Unknow,Male,France,38,15/10/2017,2579
Sherron,Ascencio,Female,Great Britain,32,16/08/2016,3256
Marcel,Zabriskie,Male,Great Britain,26,21/05/2015,2587
Kina,Hazelton,Female,Great Britain,31,16/08/2016,3259
Shavonne,Pia,Female,France,24,21/05/2015,1546
Shavon,Benito,Female,France,39,15/10/2017,3579
Lauralee,Perrine,Female,Great Britain,28,16/08/2016,6597
Loreta,Curren,Female,France,26,21/05/2015,9654
Teresa,Strawn,Female,France,46,21/05/2015,3569
Belinda,Partain,Female,United States,37,15/10/2017,2564
Holly,Eudy,Female,United States,52,16/08/2016,8561
Many,Cuccia,Female,Great Britain,46,21/05/2015,5489
Libbie,Dalby,Female,France,42,21/05/2015,5489
Lester,Prothro,Male,France,21,15/10/2017,6574
Marvel,Hail,Female,Great Britain,28,16/08/2016,5555
Angelyn,Vong,Female,United States,29,21/05/2015,6125
Francesca,Beaudreau,Female,France,23,15/10/2017,5412
Garth,Gangi,Male,United States,41,16/08/2016,3256
Carla,Trumbull,Female,Great Britain,28,21/05/2015,3264
Veta,Muntz,Female,Great Britain,37,15/10/2017,4569
Stasia,Becker,Female,Great Britain,34,16/08/2016,7521
Jona,Grindle,Female,Great Britain,26,21/05/2015,6458
Judie,Claywell,Female,France,35,16/08/2016,7569
Dewitt,Borger,Male,United States,36,21/05/2015,8514
Nena,Hacker,Female,United States,29,15/10/2017,8563
Kelsie,Wachtel,Female,France,27,16/08/2016,8642
,,,,,,
,,,,,,
,,,,,,
,,,,,,
,,,,,,
,,,,,,
,,,,,,
,,,,,,
,,,,,,
Felisa,Cail,Female,United States,28,16/08/2016,6525
Demetria,Abbey,Female,United States,32,21/05/2015,3265
Jeromy,Danz,Male,United States,39,15/10/2017,3265
Rasheeda,Alkire,Female,United States,29,16/08/2016,6125
Dulce,Abril,Female,United States,32,15/10/2017,1562
Mara,Hashimoto,Female,Great Britain,25,16/08/2016,1582
Philip,Gent,Male,France,36,21/05/2015,2587
Kathleen,Hanner,Female,United States,25,15/10/2017,3549
Nereida,Magwood,Female,United States,58,16/08/2016,2468
Gaston,Brumm,Male,United States,24,21/05/2015,2554
Etta,Hurn,Female,Great Britain,56,15/10/2017,3598
Earlean,Melgar,Female,United States,27,16/08/2016,2456
Vincenza,Weiland,Female,United States,40,21/05/2015,6548
Fallon,Winward,Female,Great Britain,28,16/08/2016,5486
Arcelia,Bouska,Female,Great Britain,39,21/05/2015,1258
Franklyn,Unknow,Male,France,38,15/10/2017,2579
Sherron,Ascencio,Female,Great Britain,32,16/08/2016,3256
Marcel,Zabriskie,Male,Great Britain,26,21/05/2015,2587
Kina,Hazelton,Female,Great Britain,31,16/08/2016,3259
Shavonne,Pia,Female,France,24,21/05/2015,1546
Shavon,Benito,Female,France,39,15/10/2017,3579
Lauralee,Perrine,Female,Great Britain,28,16/08/2016,6597
Loreta,Curren,Female,France,26,21/05/2015,9654
Teresa,Strawn,Female,France,46,21/05/2015,3569
Belinda,Partain,Female,United States,37,15/10/2017,2564
Holly,Eudy,Female,United States,52,16/08/2016,8561
Many,Cuccia,Female,Great Britain,46,21/05/2015,5489
Libbie,Dalby,Female,France,42,21/05/2015,5489
Lester,Prothro,Male,France,21,15/10/2017,6574
Marvel,Hail,Female,Great Britain,28,16/08/2016,5555
Angelyn,Vong,Female,United States,29,21/05/2015,6125
Francesca,Beaudreau,Female,France,23,15/10/2017,5412
Garth,Gangi,Male,United States,41,16/08/2016,3256
Carla,Trumbull,Female,Great Britain,28,21/05/2015,3264
,,,,37,15/10/2017,4569
,,,,34,16/08/2016,7521
Jona,Grindle,Female,Great Britain,26,21/05/2015,6458
Judie,Claywell,Female,France,35,16/08/2016,7569
Dewitt,Borger,Male,United States,36,21/05/2015,8514
Nena,Hacker,Female,United States,29,15/10/2017,8563
Kelsie,Wachtel,Female,France,27,16/08/2016,8642
Sau,Pfau,Female,United States,25,21/05/2015,9536
Shanice,Mccrystal,Female,United States,36,21/05/2015,2567
Chase,Karner,Male,United States,37,15/10/2017,2154
Tommie,Underdahl,Male,United States,26,16/08/2016,3265
Dorcas,Darity,Female,United States,37,21/05/2015,8765
Angel,Sanor,Male,France,24,15/10/2017,3259
Willodean,Harn,Female,United States,39,16/08/2016,3567
Weston,Martina,Male,United States,26,21/05/2015,6540
Roma,Lafollette,Female,United States,34,15/10/2017,2654
Felisa,Cail,Female,United States,28,16/08/2016,6525
Demetria,Abbey,Female,United States,32,21/05/2015,3265
Jeromy,Danz,Male,United States,39,15/10/2017,3265
Rasheeda,Alkire,Female,United States,29,16/08/2016,6125
Dulce,Abril,Female,United States,32,15/10/2017,1562
Mara,Hashimoto,Female,Great Britain,25,16/08/2016,1582
Philip,Gent,Male,France,36,21/05/2015,2587
Kathleen,Hanner,Female,United States,25,15/10/2017,3549
Nereida,Magwood,Female,United States,58,16/08/2016,2468
Gaston,Brumm,Male,United States,24,21/05/2015,2554
Etta,Hurn,Female,Great Britain,56,15/10/2017,3598
Earlean,Melgar,Female,United States,27,16/08/2016,2456
Vincenza,Weiland,Female,United States,40,21/05/2015,6548
Fallon,Winward,Female,Great Britain,28,16/08/2016,5486
Arcelia,Bouska,Female,Great Britain,39,21/05/2015,1258
Franklyn,Unknow,Male,France,38,15/10/2017,2579
Sherron,Ascencio,Female,Great Britain,32,16/08/2016,3256
Marcel,Zabriskie,Male,Great Britain,26,21/05/2015,2587
Kina,Hazelton,Female,Great Britain,31,16/08/2016,3259
Shavonne,Pia,Female,France,24,21/05/2015,1546
Shavon,Benito,Female,France,39,15/10/2017,3579
Lauralee,Perrine,Female,Great Britain,28,16/08/2016,6597
Loreta,Curren,Female,France,26,21/05/2015,9654
Teresa,Strawn,Female,France,46,21/05/2015,3569
Belinda,Partain,Female,United States,37,15/10/2017,2564
Holly,Eudy,Female,United States,52,16/08/2016,8561
Many,Cuccia,Female,Great Britain,46,21/05/2015,5489
Libbie,Dalby,Female,France,42,21/05/2015,5489
Lester,Prothro,Male,France,21,15/10/2017,6574
Marvel,Hail,Female,Great Britain,28,16/08/2016,5555
Angelyn,Vong,Female,United States,29,21/05/2015,6125
Francesca,Beaudreau,Female,France,23,15/10/2017,5412
Garth,Gangi,Male,United States,41,16/08/2016,3256
Carla,Trumbull,Female,Great Britain,28,21/05/2015,3264
Veta,Muntz,Female,Great Britain,37,15/10/2017,4569
Stasia,Becker,Female,Great Britain,34,16/08/2016,7521
Jona,Grindle,Female,Great Britain,26,21/05/2015,6458
Judie,Claywell,Female,France,35,16/08/2016,7569
Dewitt,Borger,Male,United States,36,21/05/2015,8514
,,,,,,
,,,,,,
,,,,,,
Shanice,Mccrystal,Female,United States,36,21/05/2015,2567
Chase,Karner,Male,United States,37,15/10/2017,2154
Tommie,Underdahl,Male,United States,26,16/08/2016,3265
Dorcas,Darity,Female,United States,37,21/05/2015,8765
Angel,Sanor,Male,France,24,15/10/2017,3259
Willodean,Harn,Female,United States,39,16/08/2016,3567
Weston,Martina,Male,United States,26,21/05/2015,6540
Roma,Lafollette,Female,United States,34,15/10/2017,2654
Felisa,Cail,Female,United States,28,16/08/2016,6525
Demetria,Abbey,Female,United States,32,21/05/2015,3265
Jeromy,Danz,Male,United States,39,15/10/2017,3265
Rasheeda,Alkire,Female,United States,29,16/08/2016,6125
Dulce,Abril,Female,United States,32,15/10/2017,1562
Mara,Hashimoto,Female,Great Britain,25,16/08/2016,1582
Philip,Gent,Male,France,36,21/05/2015,2587
Kathleen,Hanner,Female,United States,25,15/10/2017,3549
Nereida,Magwood,Female,United States,58,16/08/2016,2468
Gaston,Brumm,Male,United States,24,21/05/2015,2554
Etta,Hurn,Female,Great Britain,56,15/10/2017,3598
Earlean,Melgar,Female,United States,27,16/08/2016,2456
Vincenza,Weiland,Female,United States,40,21/05/2015,6548
Fallon,Winward,Female,Great Britain,28,16/08/2016,5486
Arcelia,Bouska,Female,Great Britain,39,21/05/2015,1258
Franklyn,Unknow,Male,France,38,15/10/2017,2579
Sherron,Ascencio,Female,Great Britain,32,16/08/2016,3256
Marcel,Zabriskie,Male,Great Britain,26,21/05/2015,2587
Kina,Hazelton,Female,Great Britain,31,16/08/2016,3259
Shavonne,Pia,Female,France,24,21/05/2015,1546
Shavon,Benito,Female,France,39,15/10/2017,3579
Lauralee,Perrine,Female,Great Britain,28,16/08/2016,6597
Loreta,Curren,Female,France,26,21/05/2015,9654
Teresa,Strawn,Female,France,46,21/05/2015,3569
Belinda,Partain,Female,United States,37,15/10/2017,2564
Holly,Eudy,Female,United States,52,16/08/2016,8561
Many,Cuccia,Female,Great Britain,46,21/05/2015,5489
Libbie,Dalby,Female,France,42,21/05/2015,5489
Lester,Prothro,Male,France,21,15/10/2017,6574
Marvel,Hail,Female,Great Britain,28,16/08/2016,5555
Angelyn,Vong,Female,United States,29,21/05/2015,6125
Francesca,Beaudreau,Female,France,23,15/10/2017,5412
Garth,Gangi,Male,United States,41,16/08/2016,3256
Carla,Trumbull,Female,Great Britain,28,21/05/2015,3264
Veta,Muntz,Female,Great Britain,37,15/10/2017,4569
Stasia,Becker,Female,Great Britain,34,16/08/2016,7521
Jona,Grindle,Female,Great Britain,26,21/05/2015,6458
Judie,Claywell,Female,France,35,16/08/2016,7569
Dewitt,Borger,Male,United States,36,21/05/2015,8514
Nena,Hacker,Female,United States,29,15/10/2017,8563
Kelsie,Wachtel,Female,France,27,16/08/2016,8642
Sau,Pfau,Female,United States,25,21/05/2015,9536
Shanice,Mccrystal,Female,United States,36,21/05/2015,2567
Chase,Karner,Male,United States,37,15/10/2017,2154
Tommie,Underdahl,Male,United States,26,16/08/2016,3265
Dorcas,Darity,Female,United States,37,21/05/2015,8765
Angel,Sanor,Male,France,24,15/10/2017,3259
Willodean,Harn,Female,United States,39,16/08/2016,3567
Weston,Martina,Male,United States,26,21/05/2015,6540
Roma,Lafollette,Female,United States,34,15/10/2017,2654
Felisa,Cail,Female,United States,28,16/08/2016,6525
Demetria,Abbey,Female,United States,32,21/05/2015,3265
Jeromy,Danz,Male,United States,39,15/10/2017,3265
Rasheeda,Alkire,Female,United States,29,16/08/2016,6125
Dulce,Abril,Female,United States,32,15/10/2017,1562
Mara,Hashimoto,Female,Great Britain,25,16/08/2016,1582
Philip,Gent,Male,France,36,21/05/2015,2587
Kathleen,Hanner,Female,United States,25,15/10/2017,3549
Nereida,Magwood,Female,United States,58,16/08/2016,2468
Gaston,Brumm,Male,United States,24,21/05/2015,2554
Etta,Hurn,Female,Great Britain,56,15/10/2017,3598
Earlean,Melgar,Female,United States,27,16/08/2016,2456
Vincenza,Weiland,Female,United States,40,21/05/2015,6548
Fallon,Winward,Female,Great Britain,28,16/08/2016,5486
,,,,,,
,,,,,,
,,,,,,
,,,,,,
,,,,,,
,,,,,,
Shavon,Benito,Female,France,39,15/10/2017,3579
Lauralee,Perrine,Female,Great Britain,28,16/08/2016,6597
Loreta,Curren,Female,France,26,21/05/2015,9654
Teresa,Strawn,Female,France,46,21/05/2015,3569
Belinda,Partain,Female,United States,37,15/10/2017,2564
Holly,Eudy,Female,United States,52,16/08/2016,8561
Many,Cuccia,Female,Great Britain,46,21/05/2015,5489
Libbie,Dalby,Female,France,42,21/05/2015,5489
Lester,Prothro,Male,France,21,15/10/2017,6574
Marvel,Hail,Female,Great Britain,28,16/08/2016,5555
Angelyn,Vong,Female,United States,29,21/05/2015,6125
Francesca,Beaudreau,Female,France,23,15/10/2017,5412
Garth,Gangi,Male,United States,41,16/08/2016,3256
Carla,Trumbull,Female,Great Britain,28,21/05/2015,3264
,,,,,,
,,,,,,
,,,,,,
,,,,,,
Dewitt,Borger,Male,United States,36,21/05/2015,8514
Nena,Hacker,Female,United States,29,15/10/2017,8563
Kelsie,Wachtel,Female,France,27,16/08/2016,8642
,,,,,,
Shanice,Mccrystal,Female,United States,36,21/05/2015,2567
Chase,Karner,Male,United States,37,15/10/2017,2154
Tommie,Underdahl,Male,United States,26,16/08/2016,3265
Dorcas,Darity,Female,United States,37,21/05/2015,8765
Angel,Sanor,Male,France,24,15/10/2017,3259
Willodean,Harn,Female,United States,39,16/08/2016,3567
Weston,Martina,Male,United States,26,21/05/2015,6540
Roma,Lafollette,Female,United States,34,15/10/2017,2654
Felisa,Cail,Female,United States,28,16/08/2016,6525